USE fabric_delivery_company;

INSERT INTO `Account`
VALUES ('tranphucanh0206', 'Employee', 'A123456789@');
INSERT INTO `Account`
VALUES ('ducan1406', 'Employee', 'Ducan78645*');
INSERT INTO `Account`
VALUES ('baohung123', 'Employee', '12345ABC#');
INSERT INTO `Account`
VALUES ('manh456', 'Employee', 'Xuanmanh123%');
INSERT INTO `Account`
VALUES ('quanghuy3105', 'Employee', '789Qhuyy!');
INSERT INTO `Account`
VALUES ('khoanguyen1004', 'Employee', 'Khoawibu123$');
INSERT INTO `Account`
VALUES ('nam217789', 'Employee', 'naM798767%');
INSERT INTO `Account`
VALUES ('toanvo309', 'Customer', 'Toan@56897');
INSERT INTO `Account`
VALUES ('phuc7896', 'Customer', 'PHP@@78998');
INSERT INTO `Account`
VALUES ('hongvan000', 'Customer', 'Vancloud*789');
INSERT INTO `Account`
VALUES ('khoacao123', 'Customer', 'Caokhoa$0123');
INSERT INTO `Account`
VALUES ('danh@123', 'Customer', 'Danhnguyen!000');
INSERT INTO `Account`
VALUES ('teo123456', 'Employee', 'teoOO00123@');
INSERT INTO `Account`
VALUES ('ti123456', 'Employee', 'tiOO00123@');
INSERT INTO `Account`
VALUES ('nu123456', 'Employee', 'nuOO00123@');
INSERT INTO `Account`
VALUES ('binh123456', 'Employee', 'binh2224%3@');
INSERT INTO `Account`
VALUES ('quynh178', 'Employee', 'Quynh2224%3@/');
INSERT INTO `Account`
VALUES ('khanh002', 'Employee', 'Khanh2224%3@/');
INSERT INTO `Account`
VALUES ('minh002', 'Employee', 'minh9894%3@/');
INSERT INTO `Account`
VALUES ('huy369', 'Employee', 'huy9894%3@/');
INSERT INTO `Account`
VALUES ('thang123', 'Employee', 'thang!3@/');
INSERT INTO `Account`
VALUES ('hung963', 'Employee', 'a2345!3@/');
INSERT INTO `Account`
VALUES ('thanh89', 'Employee', 'a2385!3@/');
INSERT INTO `Account`
VALUES ('han@123', 'Employee', 'abc!@3@/');
INSERT INTO `Account`
VALUES ('hang@123', 'Employee', 'abd!@3@/');
INSERT INTO `Account`
VALUES ('dung@123', 'Employee', 'abd!*3@/');
INSERT INTO `Account`
VALUES ('trung@123', 'Employee', 'abd!*336');
INSERT INTO `Account`
VALUES ('thu1023487', 'Employee', '@8rtdAgfg');
INSERT INTO `Account`
VALUES ('tuc1023487', 'Employee', '43523*agaAD');
INSERT INTO `Account`
VALUES ('tuyen1023487', 'Employee', '*(trAgare5456#');
INSERT INTO `Account`
VALUES ('giang1023487', 'Employee', '634658#ysdhD');
INSERT INTO `Account`
VALUES ('nhan1023487', 'Employee', '6adS8#ysdhD');
INSERT INTO `Account`
VALUES ('thien1023487', 'Employee', '6adS8nbvnvb#ysdhD');
INSERT INTO `Account`
VALUES ('tan7828', 'Customer', '6adS8n!!789dhD');

INSERT INTO `User`
VALUES ('EM0001', 'Tran Phuc', 'Anh', '0933489677', '69 Tan Lap, Di An, Binh Duong', 'tranphucanh0206');
INSERT INTO `User`
VALUES ('EM0002', 'Nguyen Duc', 'An', '0944489237', '45 Tan Lap, Di An, Binh Duong', 'ducan1406');
INSERT INTO `User`
VALUES ('EM0003', 'Nguyen Hoang Bao', 'Hung', '0124789657', '68 Tan Lap, Di An, Binh Duong', 'baohung123');
INSERT INTO `User`
VALUES ('EM0004', 'Nguyen Xuan', 'Manh', '0124786570', 'KTX Khu A, Di An, Binh Duong', 'manh456');
INSERT INTO `User`
VALUES ('EM0005', 'Nguyen Quang', 'Huy', '0124778957', '69 Tan Lap, Di An, Binh Duong', 'quanghuy3105');
INSERT INTO `User`
VALUES ('EM0006', 'Nguyen Dang Anh', 'Khoa', '0137778957', '69 Tan Lap, Di An, Binh Duong', 'khoanguyen1004');
INSERT INTO `User`
VALUES ('EM0007', 'Dang Hoai', 'Nam', '0137763957', 'KTX Khu B, Di An, Binh Duong', 'nam217789');
INSERT INTO `User`
VALUES ('CT0001', 'Vo Thai', 'Toan', '0365398745', '69 Tan Lap, Di An, Binh Duong', 'toanvo309');
INSERT INTO `User`
VALUES ('CT0002', 'Phan Hoang', 'Phuc', '0324568745', 'KTX Khu A, Di An, Binh Duong', 'phuc7896');
INSERT INTO `User`
VALUES ('CT0003', 'Vu Hong', 'Van', '0994568745', 'KTX Khu B, Di An, Binh Duong', 'hongvan000');
INSERT INTO `User`
VALUES ('CT0004', 'Cao Tran Anh', 'Khoa', '0994562245', 'KTX Khu B, Di An, Binh Duong', 'khoacao123');
INSERT INTO `User`
VALUES ('CT0005', 'Nguyen Huu', 'Danh', '0990032245', 'KTX Khu A, Di An, Binh Duong', 'danh@123');
INSERT INTO `User`
VALUES ('EM0008', 'Nguyen Van', 'Teo', '0990032786', '45 Tan Lap, Di An, Binh Duong', 'teo123456');
INSERT INTO `User`
VALUES ('EM0009', 'Tran Van', 'Ti', '0990456245', '69 Tan Lap, Di An, Binh Duong', 'ti123456');
INSERT INTO `User`
VALUES ('EM0010', 'Nguyen Thi', 'Nu', '0912032245', '45 Tan Lap, Di An, Binh Duong', 'nu123456');
INSERT INTO `User`
VALUES ('EM0011', 'Pham Thi', 'Binh', '0578931547', 'KTX Khu B, Di An, Binh Duong', 'binh123456');
INSERT INTO `User`
VALUES ('EM0012', 'Tran Thi', 'Quynh', '0369850025', 'KTX Khu A, Di An, Binh Duong', 'quynh178');
INSERT INTO `User`
VALUES ('EM0013', 'Nguyen Dang', 'Khanh', '0355650025', '69 Tan Lap, Di An, Binh Duong', 'khanh002');
INSERT INTO `User`
VALUES ('EM0014', 'Pham Quoc', 'Minh', '0355650099', '50 Tan Lap, Di An, Binh Duong', 'minh002');
INSERT INTO `User`
VALUES ('EM0015', 'Le Anh', 'Huy', '0355650089', '15 Tan Lap, Di An, Binh Duong', 'huy369');
INSERT INTO `User`
VALUES ('EM0016', 'Nguyen Quang', 'Thang', '0355650020', '15 Tan Lap, Di An, Binh Duong', 'thang123');
INSERT INTO `User`
VALUES ('EM0017', 'Le Thanh', 'Hung', '0895650089', '16 Tan Lap, Di An, Binh Duong', 'hung963');
INSERT INTO `User`
VALUES ('EM0018', 'Hoang Le Hai', 'Thanh', '0895685289', '20 Tan Lap, Di An, Binh Duong', 'thanh89');
INSERT INTO `User`
VALUES ('EM0019', 'Nguyen Ngoc Gia', 'Han', '0335685289', '45 Tan Lap, Di An, Binh Duong', 'han@123');
INSERT INTO `User`
VALUES ('EM0020', 'Pham Thi', 'Hang', '0338525289', '36 Tan Lap, Di An, Binh Duong', 'hang@123');
INSERT INTO `User`
VALUES ('EM0021', 'Tran Trung', 'Dung', '0015685289', '65 Tan Lap, Di An, Binh Duong', 'dung@123');
INSERT INTO `User`
VALUES ('EM0022', 'Do Chau', 'Trung', '0335685569', '36 Tan Lap, Di An, Binh Duong', 'trung@123');
INSERT INTO `User`
VALUES ('EM0023', 'Pham Minh', 'Thu', '0337536569', 'KTX Khu C, Di An, Binh Duong', 'thu1023487');
INSERT INTO `User`
VALUES ('EM0024', 'Nguyen Ba', 'Tuc', '0789632541', 'KTX Khu D, Di An, Binh Duong', 'tuc1023487');
INSERT INTO `User`
VALUES ('EM0025', 'Nguyen Mong', 'Tuyen', '0879632541', 'KTX Khu E, Di An, Binh Duong', 'tuyen1023487');
INSERT INTO `User`
VALUES ('EM0026', 'Vu Ha', 'Giang', '0878532541', 'KTX Khu F, Di An, Binh Duong', 'giang1023487');
INSERT INTO `User`
VALUES ('EM0027', 'Phan Trong', 'Nhan', '0878663541', 'KTX Khu G, Di An, Binh Duong', 'nhan1023487');
INSERT INTO `User`
VALUES ('EM0028', 'Nguyen Huu', 'Thien', '0878600341', 'KTX Khu H, Di An, Binh Duong', 'thien1023487');
INSERT INTO `User`
VALUES ('CT0006', 'Nguyen Nhat', 'Tan', '0878600341', 'KTX Khu I, Di An, Binh Duong', 'tan7828');


INSERT INTO Customer_Type
VALUES ('Iron', 1000);
INSERT INTO Customer_Type
VALUES ('Silver', 5000);
INSERT INTO Customer_Type
VALUES ('Gold', 10000);
INSERT INTO Customer_Type
VALUES ('Platinum', 30000);
INSERT INTO Customer_Type
VALUES ('Diamond', 50000);

INSERT INTO Customer
VALUES ('CT0001', 10, 10000, 'Iron');
INSERT INTO Customer
VALUES ('CT0002', 100, 10000, 'Silver');
INSERT INTO Customer
VALUES ('CT0003', 500, 10000, 'Gold');
INSERT INTO Customer
VALUES ('CT0004', 1000, 10000, 'Platinum');
INSERT INTO Customer
VALUES ('CT0005', 4500, 10000, 'Diamond');
INSERT INTO Customer
VALUES ('CT0006', 5, 10000, 'Gold');

INSERT INTO Employee
VALUES ('EM0001', NULL);
INSERT INTO Employee
VALUES ('EM0002', NULL);
INSERT INTO Employee
VALUES ('EM0003', NULL);
INSERT INTO Employee
VALUES ('EM0004', NULL);
INSERT INTO Employee
VALUES ('EM0005', NULL);
INSERT INTO Employee
VALUES ('EM0006', NULL);
INSERT INTO Employee
VALUES ('EM0007', NULL);
INSERT INTO Employee
VALUES ('EM0008', NULL);
INSERT INTO Employee
VALUES ('EM0009', NULL);
INSERT INTO Employee
VALUES ('EM0010', NULL);
INSERT INTO Employee
VALUES ('EM0011', NULL);
INSERT INTO Employee
VALUES ('EM0012', NULL);
INSERT INTO Employee
VALUES ('EM0013', NULL);
INSERT INTO Employee
VALUES ('EM0014', NULL);
INSERT INTO Employee
VALUES ('EM0015', NULL);
INSERT INTO Employee
VALUES ('EM0016', NULL);
INSERT INTO Employee
VALUES ('EM0017', NULL);
INSERT INTO Employee
VALUES ('EM0018', NULL);
INSERT INTO Employee
VALUES ('EM0019', NULL);
INSERT INTO Employee
VALUES ('EM0020', NULL);
INSERT INTO Employee
VALUES ('EM0021', NULL);
INSERT INTO Employee
VALUES ('EM0022', NULL);
INSERT INTO Employee
VALUES ('EM0023', NULL);
INSERT INTO Employee
VALUES ('EM0024', NULL);
INSERT INTO Employee
VALUES ('EM0025', NULL);
INSERT INTO Employee
VALUES ('EM0026', NULL);
INSERT INTO Employee
VALUES ('EM0027', NULL);
INSERT INTO Employee
VALUES ('EM0028', NULL);

INSERT INTO Manager
VALUES ('EM0002');
INSERT INTO Manager
VALUES ('EM0023');
INSERT INTO Manager
VALUES ('EM0024');
INSERT INTO Manager
VALUES ('EM0025');
INSERT INTO Manager
VALUES ('EM0026');

UPDATE Employee
SET `MID` = 'EM0002' 
WHERE EID = 'EM0002' OR EID = 'EM0023' OR EID = 'EM0024' OR EID = 'EM0025' OR EID = 'EM0026';

UPDATE Employee
SET `MID` = 'EM0023'
WHERE EID <> 'EM0002'
ORDER BY EID ASC
LIMIT 10;

UPDATE Employee
SET `MID` = 'EM0024'
WHERE `MID` IS NULL;

INSERT INTO Cashier
VALUES ('EM0001');
INSERT INTO Cashier
VALUES ('EM0016');
INSERT INTO Cashier
VALUES ('EM0017');
INSERT INTO Accountant
VALUES ('EM0003');
INSERT INTO Accountant
VALUES ('EM0012');
INSERT INTO Accountant
VALUES ('EM0013');
INSERT INTO Accountant
VALUES ('EM0014');
INSERT INTO Accountant
VALUES ('EM0015');
INSERT INTO Driver
VALUES ('EM0004', NULL);
INSERT INTO Driver
VALUES ('EM0028', NULL);
INSERT INTO Warehouse_Staff
VALUES ('EM0005');
INSERT INTO Warehouse_Staff
VALUES ('EM0008');
INSERT INTO Warehouse_Staff
VALUES ('EM0009');
INSERT INTO Warehouse_Staff
VALUES ('EM0010');
INSERT INTO Warehouse_Staff
VALUES ('EM0027');
INSERT INTO Worker
VALUES ('EM0006');
INSERT INTO Worker
VALUES ('EM0018');
INSERT INTO Worker
VALUES ('EM0019');
INSERT INTO Saler
VALUES ('EM0007');
INSERT INTO Saler
VALUES ('EM0011');
INSERT INTO Saler
VALUES ('EM0020');
INSERT INTO Saler
VALUES ('EM0021');
INSERT INTO Saler
VALUES ('EM0022');

INSERT INTO `Order`(Date, Status, Note)
VALUES ('2022-07-11', 'Waiting', 'Wait at least 1 day to confirm order'), ('2022-08-02', 'Processing', 'In urgent'), ('2022-09-01', 'Processing', NULL),
('2022-10-17', 'Done', 'Done on time'), ('2022-11-20', 'Cancelled', 'Cancelled due to wrong ordering'), ('2022-07-20', 'Processing', 'In urgent'),
('2022-08-22', 'Done', 'Delay by one day'), ('2022-10-12', 'Waiting', NULL), ('2022-11-07', 'Processing', NULL);

INSERT INTO Product(Name, Type, Color, Image, Detail, Supplier, Inventory_on_hand)
VALUES ('Kate', 'Normal' ,'Red', 'red kate silk', 'In urgent demand', 'XYZ', 10000), ('Caro', 'Good' ,'Yellow', 'yellow caro silk', 'Imported from USA', 'KLM', 5000),
 ('Kate', 'Normal' ,'Pink', 'pink kate silk', 'Made in China', 'ABC', 35000), ('Caro', 'Good' ,'Grey', 'grey caro silk', 'Made in Vietnam', 'ABC', 95000),
 ('Cotton','Good' ,'Pink', 'pink cotton silk', 'In urgent demand', 'XYZ', 50000), ('Cotton', 'Normal' ,'Red', 'red cotton silk', 'Imported from Canada', 'KLM', 9000);

INSERT INTO Delivery_Unit (WsID)
VALUES ('EM0005'), ('EM0008'), ('EM0009'), ('EM0010'), ('EM0027');

INSERT INTO Company_Delivery_Unit (DuID)
VALUES ('300001'), ('300002'), ('300005');

UPDATE Driver
SET CDuID = '400001'
WHERE DID = 'EM0004';

UPDATE Driver
SET CDuID = '400003'
WHERE DID = 'EM0028';

INSERT INTO Outside_Delivery_Unit (Name, Driver_name, License_plate, DuID)
VALUES ('A company', 'Tran Duc Tien', '70C-159.24','300003'), ('B company', 'Nguyen Duc Dung', '60B-919.45','300004');

INSERT INTO Vehicle
VALUES ('29F-123.45', '400001');
INSERT INTO Vehicle
VALUES ('45F-183.65', '400001');
INSERT INTO Vehicle
VALUES ('70F-693.25', '400002');
INSERT INTO Vehicle
VALUES ('85F-193.60', '400003');
INSERT INTO Vehicle
VALUES ('12F-125.97', '400003');

INSERT INTO Delivery_Trip (Date, Current_Location, Status, DuID)
VALUES ('2022-08-15', 'Binh Duong', 'Not dispatched', '300001'), ('2022-09-08', 'Q1, TP.HCM', 'Dispatched', '300004'), ('2022-10-05', 'Binh Thanh, TP.HCM', 
'Dispatched', '300002'), ('2022-10-20', 'Dong Nai', 'Done', '300003');

INSERT INTO Sales_Time (Price, Sale_date)
VALUES (2650, '2022-07-13'), (1720, '2022-08-05'), (410, '2022-09-03'), (10070, '2022-10-18'), (620, '2022-07-23'),
(310, '2022-08-25'), (1790, '2022-10-14'), (1500, '2022-11-11');

INSERT INTO Receipt (Date)
VALUES ('2202-08-19'), ('2202-09-10'), ('2202-10-09'), ('2202-11-23');

INSERT INTO Bill (Date, Price)
VALUES ('2022-08-25', 1000000), ('2022-09-01', 5000000), ('2022-11-10', 7500000), ('2022-10-17', 7500000);

INSERT INTO Package (OID, Kg)
VALUES ('100001', 10), ('100002', 15), ('100004', 5), ('100003', 17), ('100002', 12), ('100001', 5), ('100004', 8), ('100005', 5);

INSERT INTO Contain
VALUES ('100001', '200001', 2, 300);
INSERT INTO Contain
VALUES ('100001', '200002', 3, 1000);
INSERT INTO Contain
VALUES ('100002', '200006', 8, 500);
INSERT INTO Contain
VALUES ('100002', '200005', 4, 300);
INSERT INTO Contain
VALUES ('100003', '200004', 1, 200);
INSERT INTO Contain
VALUES ('100004', '200003', 7, 5000);
INSERT INTO Contain
VALUES ('100005', '200006', 2, 300);
INSERT INTO Contain
VALUES ('100005', '200001', 3, 500);
INSERT INTO Contain
VALUES ('100006', '200005', 10, 500);
INSERT INTO Contain
VALUES ('100007', '200002', 15, 80);
INSERT INTO Contain
VALUES ('100008', '200001', 9, 850);
INSERT INTO Contain
VALUES ('100009', '200003', 6, 720);

INSERT INTO Has_Package
VALUES ('600001','110001', '100001');
INSERT INTO Has_Package
VALUES ('600002','110006', '100001');
INSERT INTO Has_Package
VALUES ('600003','110002', '100002');
INSERT INTO Has_Package
VALUES ('600002','110005', '100002');
INSERT INTO Has_Package
VALUES ('600001','110004', '100003');
INSERT INTO Has_Package
VALUES ('600003','110007', '100004');
INSERT INTO Has_Package
VALUES ('600004','110003', '100004');

INSERT INTO Sale (StID, OID)
VALUES ('700001', '100001'), ('700002', '100002'), ('700003', '100004'), ('700004', '100003');

UPDATE Sale
SET SID = (SELECT SID FROM Saler ORDER BY RAND() LIMIT 1);

INSERT INTO Make_Order 
VALUES ('100001', (SELECT SID FROM Saler ORDER BY RAND() LIMIT 1), 'CT0001'), 
('100002',(SELECT SID FROM Saler ORDER BY RAND() LIMIT 1), 'CT0005'), ('100003',(SELECT SID FROM Saler ORDER BY RAND() LIMIT 1) ,'CT0002'), 
('100004', (SELECT SID FROM Saler ORDER BY RAND() LIMIT 1),'CT0003'), ('100005', (SELECT SID FROM Saler ORDER BY RAND() LIMIT 1),'CT0004'),
('100006', (SELECT SID FROM Saler ORDER BY RAND() LIMIT 1),'CT0002'), ('100007', (SELECT SID FROM Saler ORDER BY RAND() LIMIT 1),'CT0003'), 
('100008', (SELECT SID FROM Saler ORDER BY RAND() LIMIT 1),'CT0002'), ('100009', (SELECT SID FROM Saler ORDER BY RAND() LIMIT 1),'CT0005');

INSERT INTO Has_Product
VALUES ('110001','100001','200001',1,15);
INSERT INTO Has_Product
VALUES ('110001','100001','200002',3,0);
INSERT INTO Has_Product
VALUES ('110006','100001','200001',1,15);
INSERT INTO Has_Product
VALUES ('110006','100001','200002',0,1000);
INSERT INTO Has_Product
VALUES ('110002','100002','200005',3,100);
INSERT INTO Has_Product
VALUES ('110002','100002','200006',3,250);
INSERT INTO Has_Product
VALUES ('110005','100002','200005',1,200);
INSERT INTO Has_Product
VALUES ('110005','100002','200006',5,250);
INSERT INTO Has_Product
VALUES ('110004','100003','200004',1,200);
INSERT INTO Has_Product
VALUES ('110003','100004','200003',3,2000);
INSERT INTO Has_Product
VALUES ('110007','100004','200003',4,3000);
INSERT INTO Has_Product
VALUES ('110008','100005','200001',3,500);
INSERT INTO Has_Product
VALUES ('110008','100005','200006',2,300);

INSERT INTO Do_Receipt
VALUES ('800001', '100004', (SELECT AID FROM Accountant ORDER BY RAND() LIMIT 1)), ('800002', '100003', (SELECT AID FROM Accountant ORDER BY RAND() LIMIT 1)),
 ('800003', '100002', (SELECT AID FROM Accountant ORDER BY RAND() LIMIT 1)), ('800004', '100001', (SELECT AID FROM Accountant ORDER BY RAND() LIMIT 1)) ;


INSERT INTO Pay_Bill 
VALUES ('900001', '300004', (SELECT AID FROM Accountant ORDER BY RAND() LIMIT 1)), ('900002', '300003', (SELECT AID FROM Accountant ORDER BY RAND() LIMIT 1)),
 ('900003', '300002', (SELECT AID FROM Accountant ORDER BY RAND() LIMIT 1)), ('900004', '300001', (SELECT AID FROM Accountant ORDER BY RAND() LIMIT 1));


INSERT INTO Type_of_authority
VALUES ('EM0002', 'Admin');
INSERT INTO Type_of_authority
VALUES ('EM0023', 'Manager');
INSERT INTO Type_of_authority
VALUES ('EM0024', 'Manager');
INSERT INTO Type_of_authority
VALUES ('EM0025', 'Manager');
INSERT INTO Type_of_authority
VALUES ('EM0026', 'Manager');

INSERT INTO Address
VALUES ('600001', 'Q1, TP.HCM');
INSERT INTO Address
VALUES ('600001', 'Q2, TP.HCM');
INSERT INTO Address
VALUES ('600002', 'Q5, TP.HCM');
INSERT INTO Address
VALUES ('600002', 'Tay Ninh');
INSERT INTO Address
VALUES ('600003', 'Q7, TP.HCM');
INSERT INTO Address
VALUES ('600003', 'Q11, TP.HCM');
INSERT INTO Address
VALUES ('600004', 'Dong Nai');




